Workbook

Sheet 00_使用說明
B2: 紐西蘭南島 14 天自駕花費規劃（兩人）
B3: 路線依阿新 14 天環島：https://shinshing.tw/nz-south-island-itinerary/#14days 出發季：2027 年 4–5 月（清明連假可出發）
B5: 項目 | C5: 說明
B6: 規劃前提 | C6: 2 位成人、自駕小車、中價 motel／重點升級隱士山景 1 晚、餐食為早餐自煮＋中午 cafe＋晚餐輪流外食
B7: 匯率 | C7: 1 NZD = 18 TWD（2026/10 約 17.9，算預算用 18 較安心）
B8: 季節 | C8: 4–5 月是南島秋天。4 月隱士飯店仍偏旺季，5 月起房價常下降。企鵝、觀鯨、螢火蟲全年；冰川與觀星看天氣。
B9: 路線 | C9: 基督城進、基督城出、順時針環島。不收異地還車費。全程約 2,700–2,900 km。
B10: 活動 | C10: 已套入你要的 7 項：凱庫拉觀鯨、弗蘭茲直升機冰川健行、米佛遊船、蒂阿瑙螢火蟲、奧瑪魯企鵝、庫克山冰川探險、蒂卡波觀星
B11: Klook | C11: Klook 即時價要選日期才出，且常被地區鎖價。本表用 2026 平台曝光價＋官網 2026/27 牌價。4–5 月通常接近此帶，下單前請再點連結核一次。
B12: 怎麼用 | C12: 先看「01_總覽」→「02_每日行程花費」改你的實際房價／油錢。黃色格子是可改假設。橘色是天氣高風險日。
B13: 注意 | C13: 阿新這條 14 天環島節奏偏趕。冰川區、庫克山、蒂卡波都只住 1 晚，西岸下雨取消直升機時幾乎沒備援。若要 chill，冰川至少改住 2 晚。
B16: 分頁導覽
B17: 分頁 | C17: 內容
B18: 01_總覽 | C18: 兩人／每人總預算、三大住法、建議帶多少錢
B19: 02_每日行程花費 | C19: 14 天逐日：住哪、車程、活動、當天兩人花費
B20: 03_住宿明細 | C20: 13 晚建議房型與價位（含隱士山景）
B21: 04_租車與油錢 | C21: 14 天租車、保險、每日公里與油耗
B22: 05_Klook活動比價 | C22: 7 項活動：官網 vs Klook、連結、建議買法
B23: 06_可複製表格 | C23: 純文字表，可整段複製到 Google 試算表

Sheet 01_總覽
B2: 兩人 14 天總預算（4–5 月、建議規格）
B3: 黃色格子可改。改匯率或人數後，總覽與部分公式會重算。活動與住宿明細是固定估算，改完請同步改其他分頁。
B5: 可改假設
B6: 人數 | C6: 2 | D6: 成人
B7: 匯率 NZD→TWD | C7: 18 | D7: 2026/10 約 17.9，用 18
B8: 出發月份 | C8: 2027年4–5月 | D8: 清明連假可出發；4月機票較貴
B9: 機票一人（TWD） | C9: 42000 | D9: 清明週約 4.7–5.2萬；4月下旬／5月約 3.8萬
B11: 項目 | C11: 兩人 NZD | D11: 兩人 TWD | E11: 每人 TWD | F11: 說明
B12: 來回機票 TPE↔CHC | C12: =D12/$C$7 | D12: =$C$9*$C$6 | E12: =$C$9 | F12: 4–5月平均；清明出發抓 4.7–5.2萬／人
B13: NZeTA + IVL | C13: 234 | D13: =C13*$C$7 | E13: =D13/$C$6 | F13: App NZ$17 + 觀光稅 NZ$100，每人 NZ$117
B14: 旅遊保險 | C14: 360 | D14: =C14*$C$7 | E14: =D14/$C$6 | F14: 含醫療＋取消＋部分租車，約 NT$3,000–4,000／人
B15: 住宿 13 晚（含隱士山景 1 晚） | C15: 2540 | D15: =C15*$C$7 | E15: =D15/$C$6 | F15: 見 03_住宿明細；motel 為主
B16: 租車 14 天＋全險 | C16: 1680 | D16: =C16*$C$7 | E16: =D16/$C$6 | F16: 小車＋SCDW；基督城進出無異地還車費
B17: 油錢（約 2,780 km） | C17: 619 | D17: =C17*$C$7 | E17: =D17/$C$6 | F17: 見 04_租車與油錢
B18: 餐食 14 天 | C18: 1750 | D18: =C18*$C$7 | E18: =D18/$C$6 | F18: 兩人每天約 NZ$120（自煮＋外食混合）
B19: 7 項指定活動 | C19: 3864 | D19: =C19*$C$7 | E19: =D19/$C$6 | F19: 見 05_Klook活動比價
B20: 停車／洗衣／雜支 | C20: 200 | D20: =C20*$C$7 | E20: =D20/$C$6 | F20: 緩衝
B21: 合計（建議規格） | C21: =SUM(C12:C20) | D21: =SUM(D12:D20) | E21: =D21/$C$6 | F21: 建議兩人帶 32–34 萬，含清明機票溢價與天氣改期
B22: 再加 10% 緩衝 | C22: =C21*1.1 | D22: =D21*1.1 | E22: =D22/$C$6 | F22: 冰川取消改期、油價、隱士晚餐都算進去
B24: 三種住法差多少（其他項目相同）
B25: 住法 | C25: 住宿兩人 TWD | D25: 活動兩人 TWD | E25: 全程兩人約 | F25: 每人約 | G25: 備註
B26: A. 全程 motel／有廚房 | C26: 42000 | D26: 62000 | E26: =$D$21-45720-69552+C26+D26 | F26: =E26/$C$6 | G26: 省一點仍做滿 7 項活動；庫克山不住隱士
B27: B. 建議：隱士山景 1 晚＋蒂卡波湖景 | C27: 45720 | D27: 69552 | E27: =$D$21-45720-69552+C27+D27 | F27: =E27/$C$6 | G27: 本表主方案。隱士一定選有庫克山景的房
B28: C. 全程飯店級（Peppers／隱士／Te Waonui） | C28: 90000 | D28: 69552 | E28: =$D$21-45720-69552+C28+D28 | F28: =E28/$C$6 | G28: 房間舒適，風景不會再翻倍
B30: 清明連假出發：機票常比 4 月下旬貴約 NT$1.0–1.4 萬／人。若把出發改到 4/7–4/8 或 4 月下旬，兩人可少 2–3 萬。 阿新原文 14 天每人含機票 NT$12–18.8 萬（未含你這 7 項全做）。本表把活動做滿後，每人約 14–16 萬（建議規格）。 最大三筆：機票、冰川 heli-hike（兩人約 3.2 萬）、住宿。

Sheet 02_每日行程花費
A1: 14 天環島逐日花費（兩人）｜基督城進出、順時針｜黃色＝可改數字｜橘色列＝天氣／車程高風險
A2: 日 | B2: 日期範例 (2027) | C2: 過夜城市 | D2: 車程 | E2: 公里 | F2: 白天行程 | G2: 指定活動 | H2: 活動兩人 NZD | I2: 住宿兩人 NZD | J2: 餐食兩人 NZD | K2: 油錢 NZD | L2: 租車日攤 NZD | M2: 當天兩人 NZD | N2: 當天兩人 TWD | O2: 每人 TWD | P2: 住宿建議 | Q2: 風險／備註
A3: 1 | B3: 4/8 四 | C3: 凱庫拉 | D3: CHC→Kaikoura 2.5h | E3: 180 | F3: 上午抵基督城、取車、超市補貨。下午沿海北上凱庫拉。若班機早到，可趕下午賞鯨；晚到則隔天早上。新鮮龍蝦當晚餐。 | G3: 凱庫拉觀鯨 Whale Watch | H3: 370 | I3: 150 | J3: 120 | K3: 40 | L3: 120 | M3: =H3+I3+J3+K3+L3 | N3: =M3*'01_總覽'!$C$7 | O3: =N3/'01_總覽'!$C$6 | P3: Sudima / Anchor Inn 海濱 motel | Q3: 班機下午到就不要排當日賞鯨。第一天右駕，開慢。
A4: 2 | B4: 4/9 五 | C4: 皮克頓／布倫亨 | D4: Kaikoura→Picton 2.5h | E4: 155 | F4: 早上補做賞鯨（若 D1 沒做）。沿 SH1 北上，午後馬爾堡酒莊（Cloudy Bay 可只拍照不品酒）。不住北島、不過海。 | G4: （賞鯨備援日） | H4: 0 | I4: 140 | J4: 120 | K4: 35 | L4: 120 | M4: =H4+I4+J4+K4+L4 | N4: =M4*'01_總覽'!$C$7 | O4: =N4/'01_總覽'!$C$6 | P4: Ferrylink Motel / Beachcomber Inn | Q4: D1 已賞鯨則這天輕鬆。酒莊品酒後不要再開長途。
A5: 3 | B5: 4/10 六 | C5: 霍基蒂卡 | D5: Picton→Hokitika 6–7h | E5: 430 | F5: 全行程最長車日。經 SH6 西海岸：Pancake Rocks 薄餅岩（免費）、Hokitika Gorge 若時間夠。沿路加油。 | G5: — | H5: 0 | I5: 140 | J5: 130 | K5: 90 | L5: 120 | M5: =H5+I5+J5+K5+L5 | N5: =M5*'01_總覽'!$C$7 | O5: =N5/'01_總覽'!$C$6 | P5: 霍基蒂卡 motel NZ$120–160 | Q5: 車程超過阿新建議的 3.5h。可考慮砍皮克頓、D2 直接往西岸。
A6: 4 | B6: 4/11 日 | C6: 弗蘭茲約瑟夫 | D6: Hokitika→Franz 2h | E6: 140 | F6: 上午開到冰川村報到。Heli-hike 約半天（裝備全含）。下午若取消，改走免費谷底步道遠觀。 | G6: 弗蘭茲直升機冰川健行 | H6: 1798 | I6: 180 | J6: 130 | K6: 30 | L6: 120 | M6: =H6+I6+J6+K6+L6 | N6: =M6*'01_總覽'!$C$7 | O6: =N6/'01_總覽'!$C$6 | P6: Franz Josef 中價 motel | Q6: 【高風險】只住 1 晚，西岸取消率高。強烈建議改住 2 晚。
A7: 5 | B7: 4/12 一 | C7: 皇后鎮 | D7: Franz→QT via Haast 4.5h | E7: 350 | F7: 經 Haast Pass，本身是景點。下午抵皇后鎮湖邊散步、Fergburger。不排極限運動。 | G7: — | H7: 0 | I7: 220 | J7: 140 | K7: 75 | L7: 120 | M7: =H7+I7+J7+K7+L7 | N7: =M7*'01_總覽'!$C$7 | O7: =N7/'01_總覽'!$C$6 | P7: Novotel / Holiday Inn Remarkables 或 motel | Q7: Haast 前先加油。這天不要排活動。
A8: 6 | B8: 4/13 二 | C8: 皇后鎮 | D8: 市區／箭鎮 0.5h | E8: 50 | F8: 箭鎮楓紅（4 月正美）或 Skyline 纜車。不跳傘、不彈跳。晚上湖邊。 | G8: 纜車可選 NZ$40起（未列入指定活動） | H8: 0 | I8: 220 | J8: 140 | K8: 12 | L8: 120 | M8: =H8+I8+J8+K8+L8 | N8: =M8*'01_總覽'!$C$7 | O8: =N8/'01_總覽'!$C$6 | P8: 同 D5，連住 | Q8: 4 月箭鎮很適合 chill。
A9: 7 | B9: 4/14 三 | C9: 皇后鎮 | D9: QT↔Wanaka 往返 2h | E9: 140 | F9: 瓦納卡當日來回：That Wanaka Tree、湖邊咖啡。不攻 Roy's Peak（5–6h）。傍晚回皇后鎮。 | G9: — | H9: 0 | I9: 220 | J9: 130 | K9: 30 | L9: 120 | M9: =H9+I9+J9+K9+L9 | N9: =M9*'01_總覽'!$C$7 | O9: =N9/'01_總覽'!$C$6 | P9: 同 D5，連住第 3 晚 | Q9: Crown Range 冬天要雪鏈；4–5 月通常可過，雨天改走 Cromwell。
A10: 8 | B10: 4/15 四 | C10: 蒂阿瑙 | D10: QT→Te Anau 2h | E10: 170 | F10: 中午前抵達峽灣門戶。超市補米佛隔日食物（沿路沒店）。傍晚螢火蟲洞。 | G10: 蒂阿瑙螢火蟲洞 | H10: 290 | I10: 180 | J10: 120 | K10: 38 | L10: 120 | M10: =H10+I10+J10+K10+L10 | N10: =M10*'01_總覽'!$C$7 | O10: =N10/'01_總覽'!$C$6 | P10: Distinction Te Anau / Lakefront Lodge | Q10: 螢火蟲洞洞內禁拍。與米佛同一基地，不用多跑。
A11: 9 | B11: 4/16 五 | C11: 蒂阿瑙 | D11: Te Anau↔Milford 往返 5h | E11: 240 | F11: 07:00 出發自駕 SH94：Mirror Lakes、Homer Tunnel。碼頭搭 1.5–2h 遊船。傍晚回蒂阿瑙。 | G11: 米佛峽灣遊船（自駕＋船，不跟皇后鎮巴士） | H11: 350 | I11: 180 | J11: 130 | K11: 52 | L11: 120 | M11: =H11+I11+J11+K11+L11 | N11: =M11*'01_總覽'!$C$7 | O11: =N11/'01_總覽'!$C$6 | P11: 同 D8，連住 | Q11: 自駕比皇后鎮一日遊少花約 NZ$230／人，也比較不累。
A12: 10 | B12: 4/17 六 | C12: 奧瑪魯 | D12: Te Anau→Dunedin→Oamaru 5h | E12: 380 | F12: 中午但尼丁火車站／Baldwin Street 停留 1–2h。傍晚到奧瑪魯看小藍企鵝歸巢。 | G12: 奧瑪魯小藍企鵝 Premium | H12: 140 | I12: 160 | J12: 120 | K12: 82 | L12: 120 | M12: =H12+I12+J12+K12+L12 | N12: =M12*'01_總覽'!$C$7 | O12: =N12/'01_總覽'!$C$6 | P12: 奧瑪魯港口 motel，方便趕企鵝 | Q12: 阿新原文但尼丁＋奧瑪魯只 1 晚，企鵝要住奧瑪魯才趕得上。
A13: 11 | B13: 4/18 日 | C13: 庫克山 | D13: Oamaru→Mt Cook 4h | E13: 250 | F13: 經 Omarama 進山。下午 Glacier Explorers（隱士一樓報到）。或改早上走 Hooker Valley、下午船。 | G13: 庫克山冰川探險 Glacier Explorers | H13: 438 | I13: 340 | J13: 150 | K13: 55 | L13: 120 | M13: =H13+I13+J13+K13+L13 | N13: =M13*'01_總覽'!$C$7 | O13: =N13/'01_總覽'!$C$6 | P13: 隱士飯店 Standard／Premium 山景 | Q13: 只住 1 晚很趕。隱士無景房不值得。晚餐貴，可接受。
A14: 12 | B14: 4/19 一 | C14: 蒂卡波 | D14: Mt Cook→Tekapo 1.5h | E14: 105 | F14: 早上 Hooker Valley（免費、必走）。經普卡基湖牛奶藍必停。傍晚牧羊人教堂，晚上約翰山觀星。 | G14: Dark Sky Project 約翰山 Summit | H14: 478 | I14: 250 | J14: 120 | K14: 24 | L14: 120 | M14: =H14+I14+J14+K14+L14 | N14: =M14*'01_總覽'!$C$7 | O14: =N14/'01_總覽'!$C$6 | P14: 湖景 motel 或 Peppers 入門房 | Q14: 觀星看雲。天氣不好有室內備援或部分退費。
... A16: 14 | B16: 4/21 三 | C16: 回台 | D16: 當地 20km | E16: 20 | F16: 還車、基督城機場出境。預留 2 小時以上。 | G16: — | H16: 0 | I16: 0 | J16: 80 | K16: 6 | L16: 120 | M16: =H16+I16+J16+K16+L16 | N16: =M16*'01_總覽'!$C$7 | O16: =N16/'01_總覽'!$C$6 | P16: 無住宿 | Q16: 還車前加滿油。
B17: 合計 | C17: 13 晚 | E17: =SUM(E3:E16) | F17: 不含機票／簽證／保險 | G17: 7 項活動 | H17: =SUM(H3:H16) | I17: =SUM(I3:I16) | J17: =SUM(J3:J16) | K17: =SUM(K3:K16) | L17: =SUM(L3:L16) | M17: =SUM(M3:M16) | N17: =M17*'01_總覽'!$C$7 | O17: =N17/'01_總覽'!$C$6 | Q17: 加上機票後看 01_總覽
A19: 日期範例從 2027/4/8（四）出發，避開清明最貴的 4/2–4/3。若一定要清明走，整表日期前移 5 天即可，住宿活動不變，機票一人約再加 8,000–10,000。 橘色列：D3 西海岸長途、D4 冰川只住一晚、D10 但尼丁＋企鵝同一天、D11 庫克山只住一晚。這四天最容易崩。 阿新原文 D5–D14 寫「與 10 天版相反順序」。本表已把它展開成可執行的 14 天，並把你的 7 項活動嵌進去。

Sheet 03_住宿明細
A1: 13 晚住宿（兩人一間）｜4–5 月中價 隱士只升級有山景的那一晚
A2: 晚 | B2: 城市 | C2: 建議規格（本表採用） | D2: 採用 NZD | E2: 採用 TWD | F2: motel 低標 | G2: 飯店高標 | H2: 推薦類型 | I2: 訂房時機 | J2: 備註
A3: 1 | B3: 凱庫拉 | C3: 海濱 motel | D3: 150 | E3: =D3*'01_總覽'!$C$7 | F3: 100 | G3: 220 | H3: Sudima / Anchor Inn | I3: 1 個月前 | J3: 賞鯨集合點附近，免趕路
A4: 2 | B4: 皮克頓／布倫亨 | C4: 碼頭或酒鄉 motel | D4: 140 | E4: =D4*'01_總覽'!$C$7 | F4: 100 | G4: 200 | H4: Ferrylink / Beachcomber | I4: 3 週前 | J4: 不過海；只過一夜
A5: 3 | B5: 霍基蒂卡 | C5: 小鎮 motel | D5: 140 | E5: =D5*'01_總覽'!$C$7 | F5: 100 | G5: 180 | H5: 有廚房 motel | I5: 3 週前 | J5: 西岸選擇少，下雨也要有房
A6: 4 | B6: 弗蘭茲約瑟夫 | C6: 中價 motel | D6: 180 | E6: =D6*'01_總覽'!$C$7 | F6: 130 | G6: 280 | H6: Scenic / 一般 motel | I6: 6–8 週前 | J6: 不必 Te Waonui；冰川不在窗邊
A7: 5 | B7: 皇后鎮 | C7: 市區或 Remarkables motel | D7: 220 | E7: =D7*'01_總覽'!$C$7 | F7: 160 | G7: 350 | H7: Holiday Inn Remarkables 自駕方便 | I7: 2 個月前 | J7: 連住 3 晚較划算
A8: 6 | B8: 皇后鎮 | C8: 同上連住 | D8: 220 | E8: =D8*'01_總覽'!$C$7 | F8: 160 | G8: 350 | H8: 同上 | I8: 同上 | J8: 有廚房可自煮，壓餐費
A9: 7 | B9: 皇后鎮 | C9: 同上連住 | D9: 220 | E9: =D9*'01_總覽'!$C$7 | F9: 160 | G9: 350 | H9: 同上 | I9: 同上 | J9: 瓦納卡當日來回，行李不用搬
A10: 8 | B10: 蒂阿瑙 | C10: 湖畔 motel／lodge | D10: 180 | E10: =D10*'01_總覽'!$C$7 | F10: 120 | G10: 250 | H10: Lakefront Lodge / Distinction | I10: 6 週前 | J10: 米佛＋螢火蟲基地
A11: 9 | B11: 蒂阿瑙 | C11: 同上連住 | D11: 180 | E11: =D11*'01_總覽'!$C$7 | F11: 120 | G11: 250 | H11: 同上 | I11: 同上 | J11: 隔天早出發米佛
A12: 10 | B12: 奧瑪魯 | C12: 港口 motel | D12: 160 | E12: =D12*'01_總覽'!$C$7 | F12: 110 | G12: 200 | H12: 靠近 Waterfront Rd | I12: 3 週前 | J12: 傍晚趕企鵝，不要住但尼丁
A13: 11 | B13: 庫克山 | C13: 隱士 Standard／Premium 山景 | D13: 340 | E13: =D13*'01_總覽'!$C$7 | F13: 220 | G13: 450 | H13: Hermitage Mt Cook View | I13: 3–6 個月前 | J13: 無景房不值得。motel 備案 Aoraki Court NZ$200–280
A14: 12 | B14: 蒂卡波 | C14: 湖景 motel | D14: 250 | E14: =D14*'01_總覽'!$C$7 | F14: 180 | G14: 380 | H14: 湖景 motel 或 Peppers 入門 | I14: 2 個月前 | J14: 無湖景可省 NZ$60–80
A15: 13 | B15: 基督城 | C15: 機場 motel | D15: 160 | E15: =D15*'01_總覽'!$C$7 | F15: 120 | G15: 220 | H15: 機場 10 分鐘 | I15: 2 週前 | J15: 早班機必住這裡
B16: 合計 13 晚 | D16: =SUM(D3:D15) | E16: =D16*'01_總覽'!$C$7 | F16: =SUM(F3:F15) | G16: =SUM(G3:G15) | J16: 本表採用中價＋隱士山景。低標全程 motel 約少 NT$1.2 萬；高標全程飯店約再多 NT$4 萬
A18: 隱士飯店（The Hermitage）2026/27 牌價：無景約 NZ$330–355、山景 Standard 約 NZ$330–340、Premium 約 NZ$400–450、Suite NZ$540。4 月仍是官網旺季（10–4月），5 月後常有早鳥。 實務：庫克山只值得為「窗外那座山」多付。兩晚都住隱士無景，體驗接近 motel。本表只排 1 晚山景，隔天走 Hooker Valley 後離開。 4 月蒂卡波、皇后鎮、冰川村仍要早訂。5 月彈性較大。

Sheet 04_租車與油錢
A1: 租車 14 天（基督城取還，無異地費）＋油錢
A3: 租車假設（可改黃格） | E3: 每日公里（對應 02 分頁）
A4: 項目 | B4: 數值 | C4: 說明 | E4: 日 | F4: 路段 | G4: 公里
A5: 日租金（小車，未含升級險） | B5: 70 | C5: NZD／天，4–5 月常見帶 | E5: 1 | F5: CHC→Kaikoura 2.5h | G5: 180
A6: SCDW 全險／免自負額 | B6: 30 | C6: 南島碎石路建議必加 | E6: 2 | F6: Kaikoura→Picton 2.5h | G6: 155
A7: 租車天數 | B7: 14 | C7: 含取還日 | E7: 3 | F7: Picton→Hokitika 6–7h | G7: 430
A8: 異地還車 | B8: 0 | C8: 基督城進出＝0；若改皇后鎮出約 150–400 | E8: 4 | F8: Hokitika→Franz 2h | G8: 140
A9: 油耗 L/100km | B9: 8 | C9: Corolla／Yaris 等級 | E9: 5 | F9: Franz→QT via Haast 4.5h | G9: 350
A10: 油價 NZD／公升 | B10: 2.8 | C10: 2026 南島常見 2.6–3.0 | E10: 6 | F10: 市區／箭鎮 0.5h | G10: 50
A11: 預估總公里 | B11: 2837 | C11: 環島＋米佛往返＋瓦納卡來回 | E11: 7 | F11: QT↔Wanaka 往返 2h | G11: 140
E12: 8 | F12: QT→Te Anau 2h | G12: 170
A13: 試算 | E13: 9 | F13: Te Anau↔Milford 往返 5h | G13: 240
A14: 項目 | B14: NZD | C14: TWD | E14: 10 | F14: Te Anau→Dunedin→Oamaru 5h | G14: 380
A15: 租金小計 | B15: =B5*B7 | C15: =B15*'01_總覽'!$C$7 | E15: 11 | F15: Oamaru→Mt Cook 4h | G15: 250
A16: 保險小計 | B16: =B6*B7 | C16: =B16*'01_總覽'!$C$7 | E16: 12 | F16: Mt Cook→Tekapo 1.5h | G16: 105
A17: 異地還車 | B17: =B8 | C17: =B17*'01_總覽'!$C$7 | E17: 13 | F17: Tekapo→CHC 3.5h | G17: 227
A18: 租車合計 | B18: =B15+B16+B17 | C18: =B18*'01_總覽'!$C$7 | E18: 14 | F18: 當地 20km | G18: 20
A19: 油耗公升 | B19: =B11*B9/100 | C19: =B19*'01_總覽'!$C$7 | F19: 合計 | G19: =SUM(G5:G18)
A20: 油錢 | B20: =B19*B10 | C20: =B20*'01_總覽'!$C$7
A21: 租車＋油 兩人 | B21: =B18+B20 | C21: =B21*'01_總覽'!$C$7
A22: 每人分攤 | B22: =B21/'01_總覽'!$C$6 | C22: =B22*'01_總覽'!$C$7
A24: 比價：Airport Rentals／各公司官網。南島碎石路常見擋風玻璃裂，SCDW 不要省。 信用卡租車押金常見 NZ$1,000–2,500，出發前跟銀行說一聲。 國際駕照＋台灣駕照正本。靠左行駛，第一天不要開夜路。 偏遠路段（Haast、Lindis、米佛 SH94）看到站就加油。冬季 Crown Range 可能要雪鏈，4–5 月通常不用。 本表小車即可。若 5 月山區仍可能下雪、或想更穩，改 SUV 每天再加約 NZ$30–60。

Sheet 05_Klook活動比價
A1: 7 項指定活動｜Klook vs 官網（4–5 月）｜2027 若無價則用 2026 曝光價／官網牌價
A2: 排程日 | B2: 活動 | C2: 建議方案 | D2: 官網一人 NZD | E2: Klook一人 NZD（2026參考） | F2: Klook一人 TWD | G2: 兩人採用 NZD | H2: 兩人採用 TWD | I2: Klook 有沒有 | J2: 建議在哪買 | K2: Klook／資料連結 | L2: 4–5月注意
A3: D1 | B3: 凱庫拉觀鯨 | C3: Whale Watch 普通艙 Ocean Cabin | D3: 185 | E3: 185 | F3: =E3*'01_總覽'!$C$7 | G3: 370 | H3: =G3*'01_總覽'!$C$7 | I3: 有（#7171） | J3: Klook 或官網都可以，價通常相同 | K3: https://www.klook.com/zh-TW/activity/7171-whale-watch-kaikoura-auckland/ | L3: 官網價到 2027/9/30 仍是 NZ$185。看不到鯨退 80%。Klook 頁面要選日期才出 TWD。4–5 月班次穩，暈船藥自備。
A4: D4 | B4: 弗蘭茲直升機冰川健行 | C4: Franz Josef Glacier Guides Heli-hike（上冰 2–2.5h） | D4: 899 | E4: 870 | F4: =E4*'01_總覽'!$C$7 | G4: 1798 | H4: =G4*'01_總覽'!$C$7 | I4: 有（#13811／#93307） | J4: 先比 Klook 與官網；現在幾乎貼官網 NZ$899，不見得比較便宜 | K4: https://www.klook.com/zh-TW/activity/13811-half-day-heli-hike-franz-fox-franz-josef-glacier/ | L4: 官網 2026/10 起至 2027/9/30 為 NZ$899。Klook 加拿大頁 2026 曝光約 US$505≈NT$16,150。舊文寫的 NZ$499–650 已過時。天氣取消可退。只住 1 晚風險高。
A5: D8 | B5: 蒂阿瑙螢火蟲洞 | C5: RealNZ Te Anau Glowworm Caves | D5: 145 | E5: 145 | F5: =E5*'01_總覽'!$C$7 | G5: 290 | H5: =G5*'01_總覽'!$C$7 | I5: 有（#20221） | J5: Klook 方便；官網有時有 10% 折扣碼 | K5: https://www.klook.com/zh-TW/activity/20221-glowworm-cave-tour-te-anau-queenstown/ | L5: 官網 From NZ$145。2026/10–2027/4 有資料寫成人 NZ$154，5 月後可能回 NZ$129。4 月用 145–154 估。洞內禁拍。
A6: D9 | B6: 米佛峽灣遊船 | C6: 自駕到碼頭＋RealNZ Signature／Classic（不要買皇后鎮巴士一日遊） | D6: 175 | E6: 175 | F6: =E6*'01_總覽'!$C$7 | G6: 350 | H6: =G6*'01_總覽'!$C$7 | I6: 有。注意方案：純船 vs 巴士＋船 | J6: 自駕選「僅遊船」。Klook #21592 是皇后鎮／蒂阿瑙巴士一日遊 NZ$249–339，會多重付車錢 | K6: https://www.klook.com/zh-TW/activity/21592-nature-cruise-queenstown-te-anau-milford-sound/ | L6: 官網 Classic NZ$169、Signature NZ$175；10 月後有時 Signature NZ$199。4–5 月抓 175–199。自駕兩人比跟車省約 NT$8,000。
A7: D10 | B7: 奧瑪魯看企鵝 | C7: Ōamaru Penguins 晚間 Premium | D7: 70 | E7: 平台常無純票 | F7: — | G7: 140 | H7: =G7*'01_總覽'!$C$7 | I7: 不穩／常沒有純門票 | J7: 官網或 KKDay 較準。Klook 較常見阿卡羅阿 Pohatu（#44547，NZ$125）那是另一個地方 | K7: https://www.penguins.co.nz/visit/evening-viewing/ | L7: 官網 General NZ$50、Premium NZ$70。4–5 月傍晚約 5:00–6:30 開始，比夏天早。Klook 若沒有 Oamaru 純票，不要改訂阿卡羅阿——這條環島當晚人在奧瑪魯。
A8: D11 | B8: 庫克山冰川探險 | C8: Glacier Explorers 冰河湖遊船（不是再做一次 heli-hike） | D8: 219 | E8: 219 | F8: =E8*'01_總覽'!$C$7 | G8: 438 | H8: =G8*'01_總覽'!$C$7 | I8: 有（#107359 Tasman Valley Walk and Glacier Lake Cruise） | J8: Klook 或隱士官網。價應接近 NZ$219 | K8: https://www.klook.com/zh-TW/activity/107359-tasman-valley-walk-cruise-mount-cook/ | L8: 2026/10/1 起成人 NZ$219（此前 209）。要能走 1.5km／25 分。不要跟庫克山 Tasman heli-hike NZ$995 搞混——那跟弗蘭茲重複。
A9: D12 | B9: 蒂卡波觀星 | C9: Dark Sky Project 約翰山 Summit Experience | D9: 239 | E9: 219 | F9: =E9*'01_總覽'!$C$7 | G9: 478 | H9: =G9*'01_總覽'!$C$7 | I9: 有（#2217 Summit；#24864 是較便宜的 Crater） | J9: Klook Summit 通常貼官網。想省改 Crater NZ$129 | K9: https://www.klook.com/zh-TW/activity/2217-earth-sky-mt-john-observatory-tour-christchurch/ | L9: Summit 官網曾列 NZ$219（至 2026/9/30），新頁寫 NZ$239（至 2027/9/30）。4–5 月請以訂位頁為準，本表用 239。Crater 較便宜但不上約翰山。
B10: 7 項合計 | G10: =SUM(G3:G9) | H10: =G10*'01_總覽'!$C$7 | J10: 每人約 NT$3.5 萬。冰川一項就佔一半。
A12: Klook 價格怎麼讀： 1) 本表「Klook一人 NZD」是 2026 年頁面／旅記曝光價，不是你選 2027/4 某日後的結帳價。Klook 會依日期、庫存、幣別（TWD/USD/HKD）浮動，價差常見 ±5–15%。 2) 2026 實測：觀鯨、螢火蟲、冰川探險遊船、觀星 Summit，Klook 多半貼官網，不一定比較便宜；優點是中文介面、信用卡、取消條款清楚。 3) 冰川健行：官網已是 NZ$899。Klook 若顯示約 US$505 或 NT$15,000–16,500，就是正常價；看到 NZ$499–650 多半是過期文章。 4) 企鵝：Klook 南島常出現的是阿卡羅阿 Pohatu（這條環島 D10 人在奧瑪魯，不要買錯）。奧瑪魯門票優先官網 https://www.penguins.co.nz 或 KKDay。 5) 米佛：自駕只買船。Klook 熱門套票常是皇后鎮出發 12 小時一日遊，貴且累。 6) 下單前用台灣帳號打開連結、選 2027/4 或 2027/5 實際日期，看 TWD 含稅價。官網價用 NZD 再乘 18 對一下。
A18: 若要壓活動費
A19: 改法 | B19: 兩人少付 NZD | C19: 兩人少付 TWD | D19: 代價
A20: 觀星改 Crater NZ$129，不上約翰山 | B20: 220 | C20: =B20*'01_總覽'!$C$7 | D20: 星還看得到，少了山頂天文台
A21: 企鵝改 General NZ$50 | B21: 40 | C21: =B21*'01_總覽'!$C$7 | D21: 距離遠 10–15 公尺
A22: 米佛改 Classic NZ$169 | B22: 12 | C22: =B22*'01_總覽'!$C$7 | D22: 船大一點、解說用 App
A23: 不做觀鯨（省一天凱庫拉也可縮行程） | B23: 370 | C23: =B23*'01_總覽'!$C$7 | D23: 少看抹香鯨；可少開北段
A24: 弗蘭茲只坐直升機不下冰 NZ$250–350 | B24: 1100 | C24: =B24*'01_總覽'!$C$7 | D24: 就不是冰川健行了

Sheet 06_可複製表格
A1: 以下三張表可直接全選複製到 Google 試算表（貼上＞僅值也行）
A3: 【表A】每日行程與花費（兩人 NZD）
A4: 日 | B4: 日期範例 | C4: 過夜 | D4: 車程 | E4: 公里 | F4: 行程摘要 | G4: 活動 | H4: 活動NZD | I4: 住宿NZD | J4: 餐食NZD | K4: 油錢NZD | L4: 租車NZD | M4: 當天合計NZD | N4: 備註
A5: 1 | B5: 4/8 四 | C5: 凱庫拉 | D5: CHC→Kaikoura 2.5h | E5: 180 | F5: 上午抵基督城、取車、超市補貨。下午沿海北上凱庫拉。若班機早到，可趕下午賞鯨；晚到則隔天早上。新鮮龍蝦當晚餐。 | G5: 凱庫拉觀鯨 Whale Watch | H5: 370 | I5: 150 | J5: 120 | K5: 40 | L5: 120 | M5: 800 | N5: 班機下午到就不要排當日賞鯨。第一天右駕，開慢。
A6: 2 | B6: 4/9 五 | C6: 皮克頓／布倫亨 | D6: Kaikoura→Picton 2.5h | E6: 155 | F6: 早上補做賞鯨（若 D1 沒做）。沿 SH1 北上，午後馬爾堡酒莊（Cloudy Bay 可只拍照不品酒）。不住北島、不過海。 | G6: （賞鯨備援日） | H6: 0 | I6: 140 | J6: 120 | K6: 35 | L6: 120 | M6: 415 | N6: D1 已賞鯨則這天輕鬆。酒莊品酒後不要再開長途。
A7: 3 | B7: 4/10 六 | C7: 霍基蒂卡 | D7: Picton→Hokitika 6–7h | E7: 430 | F7: 全行程最長車日。經 SH6 西海岸：Pancake Rocks 薄餅岩（免費）、Hokitika Gorge 若時間夠。沿路加油。 | G7: — | H7: 0 | I7: 140 | J7: 130 | K7: 90 | L7: 120 | M7: 480 | N7: 車程超過阿新建議的 3.5h。可考慮砍皮克頓、D2 直接往西岸。
A8: 4 | B8: 4/11 日 | C8: 弗蘭茲約瑟夫 | D8: Hokitika→Franz 2h | E8: 140 | F8: 上午開到冰川村報到。Heli-hike 約半天（裝備全含）。下午若取消，改走免費谷底步道遠觀。 | G8: 弗蘭茲直升機冰川健行 | H8: 1798 | I8: 180 | J8: 130 | K8: 30 | L8: 120 | M8: 2258 | N8: 【高風險】只住 1 晚，西岸取消率高。強烈建議改住 2 晚。
A9: 5 | B9: 4/12 一 | C9: 皇后鎮 | D9: Franz→QT via Haast 4.5h | E9: 350 | F9: 經 Haast Pass，本身是景點。下午抵皇后鎮湖邊散步、Fergburger。不排極限運動。 | G9: — | H9: 0 | I9: 220 | J9: 140 | K9: 75 | L9: 120 | M9: 555 | N9: Haast 前先加油。這天不要排活動。
A10: 6 | B10: 4/13 二 | C10: 皇后鎮 | D10: 市區／箭鎮 0.5h | E10: 50 | F10: 箭鎮楓紅（4 月正美）或 Skyline 纜車。不跳傘、不彈跳。晚上湖邊。 | G10: 纜車可選 NZ$40起（未列入指定活動） | H10: 0 | I10: 220 | J10: 140 | K10: 12 | L10: 120 | M10: 492 | N10: 4 月箭鎮很適合 chill。
A11: 7 | B11: 4/14 三 | C11: 皇后鎮 | D11: QT↔Wanaka 往返 2h | E11: 140 | F11: 瓦納卡當日來回：That Wanaka Tree、湖邊咖啡。不攻 Roy's Peak（5–6h）。傍晚回皇后鎮。 | G11: — | H11: 0 | I11: 220 | J11: 130 | K11: 30 | L11: 120 | M11: 500 | N11: Crown Range 冬天要雪鏈；4–5 月通常可過，雨天改走 Cromwell。
A12: 8 | B12: 4/15 四 | C12: 蒂阿瑙 | D12: QT→Te Anau 2h | E12: 170 | F12: 中午前抵達峽灣門戶。超市補米佛隔日食物（沿路沒店）。傍晚螢火蟲洞。 | G12: 蒂阿瑙螢火蟲洞 | H12: 290 | I12: 180 | J12: 120 | K12: 38 | L12: 120 | M12: 748 | N12: 螢火蟲洞洞內禁拍。與米佛同一基地，不用多跑。
A13: 9 | B13: 4/16 五 | C13: 蒂阿瑙 | D13: Te Anau↔Milford 往返 5h | E13: 240 | F13: 07:00 出發自駕 SH94：Mirror Lakes、Homer Tunnel。碼頭搭 1.5–2h 遊船。傍晚回蒂阿瑙。 | G13: 米佛峽灣遊船（自駕＋船，不跟皇后鎮巴士） | H13: 350 | I13: 180 | J13: 130 | K13: 52 | L13: 120 | M13: 832 | N13: 自駕比皇后鎮一日遊少花約 NZ$230／人，也比較不累。
A14: 10 | B14: 4/17 六 | C14: 奧瑪魯 | D14: Te Anau→Dunedin→Oamaru 5h | E14: 380 | F14: 中午但尼丁火車站／Baldwin Street 停留 1–2h。傍晚到奧瑪魯看小藍企鵝歸巢。 | G14: 奧瑪魯小藍企鵝 Premium | H14: 140 | I14: 160 | J14: 120 | K14: 82 | L14: 120 | M14: 622 | N14: 阿新原文但尼丁＋奧瑪魯只 1 晚，企鵝要住奧瑪魯才趕得上。
A15: 11 | B15: 4/18 日 | C15: 庫克山 | D15: Oamaru→Mt Cook 4h | E15: 250 | F15: 經 Omarama 進山。下午 Glacier Explorers（隱士一樓報到）。或改早上走 Hooker Valley、下午船。 | G15: 庫克山冰川探險 Glacier Explorers | H15: 438 | I15: 340 | J15: 150 | K15: 55 | L15: 120 | M15: 1103 | N15: 只住 1 晚很趕。隱士無景房不值得。晚餐貴，可接受。
A16: 12 | B16: 4/19 一 | C16: 蒂卡波 | D16: Mt Cook→Tekapo 1.5h | E16: 105 | F16: 早上 Hooker Valley（免費、必走）。經普卡基湖牛奶藍必停。傍晚牧羊人教堂，晚上約翰山觀星。 | G16: Dark Sky Project 約翰山 Summit | H16: 478 | I16: 250 | J16: 120 | K16: 24 | L16: 120 | M16: 992 | N16: 觀星看雲。天氣不好有室內備援或部分退費。
... A18: 14 | B18: 4/21 三 | C18: 回台 | D18: 當地 20km | E18: 20 | F18: 還車、基督城機場出境。預留 2 小時以上。 | G18: — | H18: 0 | I18: 0 | J18: 80 | K18: 6 | L18: 120 | M18: 206 | N18: 還車前加滿油。
A21: 【表B】總花費（兩人）
A22: 項目 | B22: 兩人NZD | C22: 兩人TWD | D22: 每人TWD
A23: 機票 | B23: 4667 | C23: 84000 | D23: 42000
A24: NZeTA+IVL | B24: 234 | C24: 4212 | D24: 2106
A25: 旅遊保險 | B25: 360 | C25: 6480 | D25: 3240
A26: 住宿13晚 | B26: 2540 | C26: 45720 | D26: 22860
A27: 租車+全險 | B27: 1680 | C27: 30240 | D27: 15120
A28: 油錢 | B28: 619 | C28: 11142 | D28: 5571
A29: 餐食 | B29: 1750 | C29: 31500 | D29: 15750
A30: 7項活動 | B30: 3864 | C30: 69552 | D30: 34776
A31: 雜支 | B31: 200 | C31: 3600 | D31: 1800
A32: 合計 | B32: 15914 | C32: 286446 | D32: 143223
A33: 含10%緩衝 | B33: 17505 | C33: 315091 | D33: 157545
A35: 【表C】Klook vs 官網（一人）
A36: 活動 | B36: 官網NZD | C36: Klook參考NZD | D36: Klook參考TWD | E36: 兩人採用TWD | F36: 建議
A37: 觀鯨 | B37: 185 | C37: 185 | D37: 3330 | E37: 6660 | F37: Klook #7171 或官網
A38: 冰川健行 | B38: 899 | C38: 870 | D38: 15660 | E38: 32364 | F38: 先比價，常貼官網899
A39: 螢火蟲 | B39: 145 | C39: 145 | D39: 2610 | E39: 5220 | F39: Klook #20221
A40: 米佛遊船 | B40: 175 | C40: 175 | D40: 3150 | E40: 6300 | F40: 只買船，別買巴士套票
A41: 企鵝Premium | B41: 70 | C41: 常無純票 | D41: — | E41: 2520 | F41: 官網／KKDay
A42: 庫克山冰川探險 | B42: 219 | C42: 219 | D42: 3942 | E42: 7884 | F42: Klook #107359
A43: 蒂卡波Summit觀星 | B43: 239 | C43: 219 | D43: 3942 | E43: 8604 | F43: Klook #2217；4–5月可能239
A44: 合計 | B44: 1932 | E44: 69552 | F44: 每人約3.5萬
