Workbook

Sheet 00_使用說明
A1: 怎麼用這份表
A3: 1. 先改 01_總覽 的黃色格子：實際機票、匯率、租車報價。
A4: 2. 02_每日行程 的活動／住宿／餐食／油錢也是黃底，可依訂房改。
A5: 3. 橘色列是長途或看天氣的日子：4/20 西岸、4/22 冰川、4/24 Haast、4/28 米佛、4/29 回麥肯齊。
A6: 4. 班機：2027/4/15 23:55 台北出發，2027/4/17 凌晨到基督城；2027/5/4 15:00 基督城回。
A7: 5. 下載：GitHub 檔案頁按 Download raw file。兩個 xlsx 是同一本。

Sheet 01_總覽
A1: 紐西蘭南島 chill 行程｜兩人｜2027/4/15 去、5/4 回
A2: 黃色格子可改。改人數、匯率、機票，後面各表會跟著算。
A3: 可改假設
A4: 人數 | B4: 2 | C4: 人
A5: 匯率（1 NZD） | B5: 18 | C5: TWD
A6: 機票一人（含稅，請改成實際票價） | B6: 40000 | C6: TWD
A7: 租車日數 | B7: 18 | C7: 天
A8: 租車本體／天 | B8: 58 | C8: NZD
A9: 全險／零自負額／天 | B9: 32 | C9: NZD
A10: 餐食兩人／天（平均） | B10: 128 | C10: NZD
A12: 兩人總表（連動每日表）
A13: 項目 | B13: 兩人 NZD | C13: 兩人 TWD | D13: 每人 TWD | E13: 備註
A14: 機票 | B14: ='01_總覽'!B4*'01_總覽'!B6/'01_總覽'!B5 | C14: =B14*$B$5 | D14: =C14/$B$4 | E14: 實際訂位後改 B6
A15: NZeTA + IVL | B15: 234 | C15: =B15*$B$5 | D15: =C15/$B$4 | E15: NZ$17/23 + NZ$100，兩人
A16: 旅遊保險 | B16: 420 | C16: =B16*$B$5 | D16: =C16/$B$4 | E16: 約 20 天、兩人
A17: 住宿 17 晚 | B17: =SUM('02_每日行程'!I3:I20) | C17: =B17*$B$5 | D17: =C17/$B$4 | E17: 含箭鎮／蒂卡波秋季溢價
A18: 租車本體 | B18: =B7*B8 | C18: =B18*$B$5 | D18: =C18/$B$4 | E18: CHC 取還、小車自排
A19: 租車全險 | B19: =B7*B9 | C19: =B19*$B$5 | D19: =C19/$B$4 | E19: 零自負額＋建議含玻璃／輪胎
A20: 油錢 | B20: =SUM('02_每日行程'!K3:K20) | C20: =B20*$B$5 | D20: =C20/$B$4 | E20: 約 2,760 km
A21: 餐食 | B21: =SUM('02_每日行程'!J3:J20) | C21: =B21*$B$5 | D21: =C21/$B$4 | E21: 兩人三餐
A22: 活動（表內 5 項） | B22: =SUM('02_每日行程'!H3:H20) | C22: =B22*$B$5 | D22: =C22/$B$4 | E22: 賞鯨＋冰川＋米佛＋探險＋觀星
A23: 雜支／停車／洗衣 | B23: 250 | C23: =B23*$B$5 | D23: =C23/$B$4 | E23: 米佛停車場等
A24: 合計 | B24: =SUM(B14:B23) | C24: =B24*$B$5 | D24: =C24/$B$4
A25: 含 10% 緩衝 | B25: =B24*1.1 | C25: =B25*$B$5 | D25: =C25/$B$4 | E25: 票價／全險／秋季住宿都可能再漲
A27: 這次跟上一版 14 天的差別
A28: 4/15 23:55 起飛，4/17 凌晨到基督城；5/4 15:00 從基督城回。南島 17 晚、18 個白天。
A29: 路線改 chill：凱庫拉 2 晚、弗蘭茲 3 晚、箭鎮 3 晚、普卡基＋蒂卡波 4 晚。砍皮克頓、但尼丁、奧瑪魯。
A30: 箭鎮 4 月下旬是金黃季。2027 Autumn Festival 是 4/15–18，你們 4/24 才到，人較少、葉子通常還在。
A31: 租車全險不便宜（約每天 NZ$25–35），但南島標準自負額 NZ$3,000–6,000，建議買。18 天全險大約 NZ$576／NT$10,368。

Sheet 02_每日行程
A1: 18 天 chill 逐日｜黃色＝可改數字｜橘色列＝車程或天氣風險
A2: 日 | B2: 日期 | C2: 星期 | D2: 過夜 | E2: 車程 | F2: 公里 | G2: 白天行程 | H2: 指定活動 | I2: 活動兩人 NZD | J2: 住宿兩人 NZD | K2: 餐食兩人 NZD | L2: 油錢 NZD | M2: 租車日攤 NZD | N2: 當天兩人 NZD | O2: 當天兩人 TWD | P2: 住宿建議／備註
A3: 1 | B3: 2027/4/17 | C3: 六 | D3: 基督城 | E3: 當地 | F3: 30 | G3: 凌晨抵 CHC，休息到中午。機場取車、超市補貨、植物園或 New Brighton 散步。不排活動。 | H3: — | I3: 0 | J3: 160 | K3: 100 | L3: 8 | M3: =('01_總覽'!$B$8+'01_總覽'!$B$9) | N3: =I3+J3+K3+L3+M3 | O3: =N3*'01_總覽'!$B$5 | P3: 機場 / 市區 motel｜第一天右駕，只開短程。租車櫃台約 08:00 開門。
A4: 2 | B4: 2027/4/18 | C4: 日 | D4: 凱庫拉 | E4: CHC→Kaikoura 2.5h | F4: 180 | G4: 沿海 SH1 北上。下午半島步道、看海豹。傍晚龍蝦。不趕賞鯨。 | H4: — | I4: 0 | J4: 150 | K4: 130 | L4: 40 | M4: =('01_總覽'!$B$8+'01_總覽'!$B$9) | N4: =I4+J4+K4+L4+M4 | O4: =N4*'01_總覽'!$B$5 | P4: Sudima / Anchor Inn 海濱｜週日路況單純。賞鯨留到週一，取消還有隔天緩衝。
A5: 3 | B5: 2027/4/19 | C5: 一 | D5: 凱庫拉 | E5: 當地 | F5: 40 | G5: 上午 Whale Watch（建議 10:30）。下午發呆、海岸。若取消，改訂 4/20 早班再出發。 | H5: 凱庫拉觀鯨 Ocean Cabin | I5: 370 | J5: 150 | K5: 140 | L5: 10 | M5: =('01_總覽'!$B$8+'01_總覽'!$B$9) | N5: =I5+J5+K5+L5+M5 | O5: =N5*'01_總覽'!$B$5 | P5: 連住第 2 晚｜官網 NZ$185／人至 2027/9/30。看不到鯨退 80%。暈船藥自備。
A6: 4 | B6: 2027/4/20 | C6: 二 | D6: 霍基蒂卡 | E6: 經 Hanmer＋Lewis Pass 6.5h | F6: 420 | G6: 經漢默泉泡湯 1.5–2h（不必過夜），再走 Lewis Pass 到西岸。夠力再停 Pancake Rocks。 | H6: 漢默泉泡湯（可選） | I6: 80 | J6: 140 | K6: 130 | L6: 90 | M6: =('01_總覽'!$B$8+'01_總覽'!$B$9) | N6: =I6+J6+K6+L6+M6 | O6: =N6*'01_總覽'!$B$5 | P6: Hokitika motel｜全行程最長車日。漢默泡湯當中途休息。沿路加油。
A7: 5 | B7: 2027/4/21 | C7: 三 | D7: 弗蘭茲約瑟夫 | E7: Hokitika→Franz 2h | F7: 160 | G7: 上午 Hokitika Gorge（免費、水色很美）。午後抵冰川村報到、走谷底步道遠看冰。 | H7: — | I7: 0 | J7: 180 | K7: 130 | L7: 35 | M7: =('01_總覽'!$B$8+'01_總覽'!$B$9) | N7: =I7+J7+K7+L7+M7 | O7: =N7*'01_總覽'!$B$5 | P7: Franz 中價 motel｜Heli-hike 明天。今天只適應西岸天氣。
A8: 6 | B8: 2027/4/22 | C8: 四 | D8: 弗蘭茲約瑟夫 | E8: 當地 | F8: 20 | G8: 直升機冰川健行（半天，裝備全含）。取消則改 4/23。下午回房休息。 | H8: Franz heli-hike | I8: 1798 | J8: 180 | K8: 130 | L8: 6 | M8: =('01_總覽'!$B$8+'01_總覽'!$B$9) | N8: =I8+J8+K8+L8+M8 | O8: =N8*'01_總覽'!$B$5 | P8: 連住｜官網至 2027/9/30 為 NZ$899／人。西岸取消率高，所以連住 3 晚。
A9: 7 | B9: 2027/4/23 | C9: 五 | D9: 弗蘭茲約瑟夫 | E9: Franz↔Fox 往返 | F9: 50 | G9: 天氣備援日。能飛就補 heli-hike；不能就黎明去 Lake Matheson 拍鏡面。整天可以很閒。 | H9: — | I9: 0 | J9: 180 | K9: 130 | L9: 12 | M9: =('01_總覽'!$B$8+'01_總覽'!$B$9) | N9: =I9+J9+K9+L9+M9 | O9: =N9*'01_總覽'!$B$5 | P9: 連住第 3 晚｜這晚是為冰川天氣買的保險，不要再往前趕。
A10: 8 | B10: 2027/4/24 | C10: 六 | D10: 箭鎮 | E10: Franz→Haast→Wanaka→Arrowtown 5h | F10: 400 | G10: Haast Pass 本身是景。Wanaka 咖啡＋That Wanaka Tree。傍晚進箭鎮住下來。 | H10: — | I10: 0 | J10: 230 | K10: 140 | L10: 85 | M10: =('01_總覽'!$B$8+'01_總覽'!$B$9) | N10: =I10+J10+K10+L10+M10 | O10: =N10*'01_總覽'!$B$5 | P10: 箭鎮村內 B&B／motel，不要住皇后鎮｜Haast 前加油。週六箭鎮較擠，先入住，楓葉留明天清晨。
A11: 9 | B11: 2027/4/25 | C11: 日 | D11: 箭鎮 | E11: 當地／Lake Hayes | F11: 40 | G11: 07:30 前走 Buckingham Street、中國村、Arrow River。再到 Lake Hayes 拍倒影。下午發呆。 | H11: — | I11: 0 | J11: 230 | K11: 140 | L11: 10 | M11: =('01_總覽'!$B$8+'01_總覽'!$B$9) | N11: =I11+J11+K11+L11+M11 | O11: =N11*'01_總覽'!$B$5 | P11: 連住｜4 月下旬是箭鎮金黃高峰。主要是楊樹、橡樹、楓香，不是台灣那種楓。
A12: 10 | B12: 2027/4/26 | C12: 一 | D12: 箭鎮 | E12: 可去皇后鎮或 Glenorchy | F12: 80 | G12: 週一比較空。可去 Glenorchy 湖灣，或皇后鎮散步。不跳傘、不彈跳。酒莊要有指定駕駛。 | H12: — | I12: 0 | J12: 230 | K12: 140 | L12: 18 | M12: =('01_總覽'!$B$8+'01_總覽'!$B$9) | N12: =I12+J12+K12+L12+M12 | O12: =N12*'01_總覽'!$B$5 | P12: 連住第 3 晚｜Arrowtown Autumn Festival 是 4/15–18，你們會錯過人潮，楓葉通常還在。
A13: 11 | B13: 2027/4/27 | C13: 二 | D13: 蒂阿瑙 | E13: Arrowtown→Te Anau 2.5h | F13: 190 | G13: 中午前出發即可。超市補米佛隔日食物（沿路沒店）。晚上想去再訂螢火蟲洞，不勉強。 | H13: 螢火蟲洞（可選，表內未列） | I13: 0 | J13: 180 | K13: 130 | L13: 42 | M13: =('01_總覽'!$B$8+'01_總覽'!$B$9) | N13: =I13+J13+K13+L13+M13 | O13: =N13*'01_總覽'!$B$5 | P13: Distinction / Lakefront｜螢火蟲洞約 NZ$145–154／人。累了就看湖。
A14: 12 | B14: 2027/4/28 | C14: 三 | D14: 蒂阿瑙 | E14: Te Anau↔Milford 往返 5h | F14: 240 | G14: 07:00 自駕 SH94：Mirror Lakes、Homer Tunnel。訂 11:10 或 13:30 小船。傍晚回蒂阿瑙。 | H14: 米佛峽灣遊船（自駕＋船） | I14: 376 | J14: 180 | K14: 130 | L14: 52 | M14: =('01_總覽'!$B$8+'01_總覽'!$B$9) | N14: =I14+J14+K14+L14+M14 | O14: =N14*'01_總覽'!$B$5 | P14: 連住｜Mitre Peak／Cruise Milford 約 NZ$179–188。不要買皇后鎮巴士一日遊。
... A20: 18 | B20: 2027/5/4 | C20: 二 | D20: 回台 | E20: 還車→機場 | F20: 20 | G20: 11:00 前還車，13:00 到機場。CHC 15:00 起飛。 | H20: — | I20: 0 | J20: 0 | K20: 80 | L20: 6 | M20: =('01_總覽'!$B$8+'01_總覽'!$B$9) | N20: =I20+J20+K20+L20+M20 | O20: =N20*'01_總覽'!$B$5 | P20: 無住宿｜國際／轉機都請預留 2 小時以上。
A21: 合計 | F21: =SUM(F3:F20) | I21: =SUM(I3:I20) | J21: =SUM(J3:J20) | K21: =SUM(K3:K20) | L21: =SUM(L3:L20) | M21: =SUM(M3:M20) | N21: =SUM(N3:N20) | O21: =N21*'01_總覽'!$B$5

Sheet 03_住宿
A1: 17 晚住宿｜黃色可改單價
A2: 區塊 | B2: 晚數 | C2: 日期 | D2: 建議房型 | E2: 兩人／晚 NZD | F2: 小計 NZD | G2: 小計 TWD | H2: 為什麼這樣住
A3: 基督城（抵達） | B3: 1 | C3: 4/17 | D3: 機場或市區 motel | E3: 160 | F3: =B3*E3 | G3: =F3*'01_總覽'!$B$5 | H3: 紅眼抵達，只求能睡
A4: 凱庫拉 | B4: 2 | C4: 4/18–19 | D4: 海濱 motel | E4: 150 | F4: =B4*E4 | G4: =F4*'01_總覽'!$B$5 | H4: 賞鯨備援＋龍蝦
A5: 霍基蒂卡 | B5: 1 | C5: 4/20 | D5: 中價 motel | E5: 140 | F5: =B5*E5 | G5: =F5*'01_總覽'!$B$5 | H5: 拆開西岸長途
A6: 弗蘭茲約瑟夫 | B6: 3 | C6: 4/21–23 | D6: 村內 motel | E6: 180 | F6: =B6*E6 | G6: =F6*'01_總覽'!$B$5 | H6: 冰川天氣緩衝
A7: 箭鎮 | B7: 3 | C7: 4/24–26 | D7: 村內、能走去主街 | E7: 230 | F7: =B7*E7 | G7: =F7*'01_總覽'!$B$5 | H7: 楓葉季住村裡，清晨沒人
A8: 蒂阿瑙 | B8: 2 | C8: 4/27–28 | D8: 湖濱 motel | E8: 180 | F8: =B8*E8 | G8: =F8*'01_總覽'!$B$5 | H8: 米佛自駕基地
A9: 普卡基／Twizel | B9: 2 | C9: 4/29–30 | D9: 能看庫克山的 cabin／motel | E9: 200 | F9: =B9*E9 | G9: =F9*'01_總覽'!$B$5 | H9: 庫克山一日來回，比隱士便宜
A10: 蒂卡波 | B10: 2 | C10: 5/1–2 | D10: 湖景 | E10: 230 | F10: =B10*E10 | G10: =F10*'01_總覽'!$B$5 | H10: 教堂＋觀星，無景房不要
A11: 基督城（出發） | B11: 1 | C11: 5/3 | D11: 機場 10 分鐘內 | E11: 160 | F11: =B11*E11 | G11: =F11*'01_總覽'!$B$5 | H11: 5/4 15:00 班機
A12: 合計 | B12: =SUM(B3:B11) | F12: =SUM(F3:F11) | G12: =F12*'01_總覽'!$B$5

Sheet 04_租車與全險
A1: 基督城取還｜18 天｜小車自排＋全險
A3: 項目 | B3: 數字 | C3: 單位 | D3: 說明
A4: 取車 | B4: 2027/4/17 約 10:00 | D4: 凌晨到、睡醒再取。Major 品牌機場櫃台早上開門。
A5: 還車 | B5: 2027/5/4 約 11:00 | D5: 15:00 起飛，11:00 還、13:00 到機場。
A6: 日數 | B6: ='01_總覽'!B7 | C6: 天 | D6: 超過 24h 可能被算 19 天，預留 18。
A7: 本體／天 | B7: ='01_總覽'!B8 | C7: NZD | D7: 4–5 月小車自排、14 天以上大約 NZ$45–70。
A8: 全險／天 | B8: ='01_總覽'!B9 | C8: NZD | D8: 本地品牌零自負額大約 NZ$25–35；Hertz SuperCover 常到 NZ$46。
A9: 本體小計 | B9: =B6*B7 | C9: NZD
A10: 全險小計 | B10: =B6*B8 | C10: NZD | D10: 約 NT$10,000–12,000。看起來貴，但標準自負額是 NZ$3,000–6,000。
A11: 租車＋全險 | B11: =B9+B10 | C11: NZD | D11: 兩人分攤大約每人 NT$14,600。
A12: 預估公里 | B12: =SUM('02_每日行程'!F3:F20) | C12: km | D12: 含米佛往返、庫克山一日。
A13: 油耗假設 | B13: 8 | C13: L/100km | D13: 小車自排、有山路。
A14: 油價假設 | B14: 2.4 | C14: NZD/L | D14: 4–5 月南島常見區間。
A15: 油錢試算 | B15: =B12*B13/100*B14 | C15: NZD | D15: 跟每日表油錢加總可能差幾十塊，屬估價。
A16: 不買全險的風險 | B16: 3500 | C16: NZD | D16: 典型 excess；刷卡還會被預扣同等金額。
A19: 怎麼買比較不虧
A20: 1. 先比 Apex / Ezi / Omega / GO / JUCY 的「含 Super／Ultra Cover」總價，不要只看車資。
A21: 2. 南島一定要確認玻璃與輪胎有沒有包含；碎石路彈石很常見。
A22: 3. 第三方（RentalCover 等）日費較低，但出事要先墊自負額再理賠，chill 旅程不建議。
A23: 4. 信用卡租車險常常排除紐澳、或排除單一車輛事故／玻璃，不要假設有保。
A24: 5. CHC–CHC 來回，沒有單程調車費。不要皇后鎮還車。
A25: 6. 18 天全險大約是車資的 50–55%。貴，但相對一次刮傷／擋風玻璃動輒 NZ$1,500–3,500，划算。

Sheet 05_活動
A1: 這次有排進行程的活動｜官網價（一人）
A2: 日 | B2: 活動 | C2: 一人 NZD | D2: 兩人 NZD | E2: 兩人 TWD | F2: 官網／備註
A3: D3 4/19 | B3: 凱庫拉觀鯨 Ocean Cabin | C3: 185 | D3: =C3*'01_總覽'!$B$4 | E3: =D3*'01_總覽'!$B$5 | F3: https://whalewatch.co.nz/ 價至 2027/9/30。建議週一 10:30。
A4: D4 4/20 | B4: 漢默泉泡湯（可選） | C4: 40 | D4: =C4*'01_總覽'!$B$4 | E4: =D4*'01_總覽'!$B$5 | F4: 中途休息，不必過夜。官網約 NZ$38–42。
A5: D6 4/22 | B5: Franz Josef heli-hike | C5: 899 | D5: =C5*'01_總覽'!$B$4 | E5: =D5*'01_總覽'!$B$5 | F5: 官網至 2027/9/30。4/23 當備援。
A6: D12 4/28 | B6: 米佛遊船（自駕＋船） | C6: 188 | D6: =C6*'01_總覽'!$B$4 | E6: =D6*'01_總覽'!$B$5 | F6: Mitre Peak／Cruise Milford 約 179–188。訂 11:10 或 13:30。
A7: D14 4/30 | B7: 庫克山 Glacier Explorers | C7: 219 | D7: =C7*'01_總覽'!$B$4 | E7: =D7*'01_總覽'!$B$5 | F7: 2026/10/1 起 NZ$219。不要訂成 Tasman heli-hike。
A8: D16 5/2 | B8: Dark Sky 約翰山 Summit | C8: 239 | D8: =C8*'01_總覽'!$B$4 | E8: =D8*'01_總覽'!$B$5 | F8: 官網 219–239。可改 Crater NZ$129。
A9: 合計 | C9: =SUM(C3:C8) | D9: =SUM(D3:D8) | E9: =D9*'01_總覽'!$B$5 | F9: 漢默若不去，把 D4 活動改 0
A11: 這次故意沒排、想加再加
A12: 可選 | B12: 一人 NZD | C12: 怎麼加
A13: 蒂阿瑙螢火蟲洞 | B13: 145 | C13: D11 晚上。累了就睡。
A14: 奧瑪魯小藍企鵝 | B14: 70 | C14: 這條 chill 線不繞東岸。若很想看，5/3 改阿卡羅阿 Pohatu。
A15: 隱士飯店山景 1 晚 | B15: 340 | C15: 普卡基已能看庫克山。只想住一次再把 D14 改住隱士。

Sheet 06_可複製
A1: 可全選複製到 Google 試算表
A2: 日 | B2: 日期 | C2: 過夜 | D2: 車程 | E2: 公里 | F2: 行程摘要 | G2: 活動 | H2: 活動NZD | I2: 住宿NZD | J2: 餐食NZD | K2: 油錢NZD | L2: 租車NZD | M2: 當天NZD
A3: 1 | B3: 2027/4/17 六 | C3: 基督城 | D3: 當地 | E3: 30 | F3: 凌晨抵 CHC，休息到中午。機場取車、超市補貨、植物園或 New Brighton 散步。不排活動。 | G3: — | H3: ='02_每日行程'!I3 | I3: ='02_每日行程'!J3 | J3: ='02_每日行程'!K3 | K3: ='02_每日行程'!L3 | L3: ='02_每日行程'!M3 | M3: ='02_每日行程'!N3
A4: 2 | B4: 2027/4/18 日 | C4: 凱庫拉 | D4: CHC→Kaikoura 2.5h | E4: 180 | F4: 沿海 SH1 北上。下午半島步道、看海豹。傍晚龍蝦。不趕賞鯨。 | G4: — | H4: ='02_每日行程'!I4 | I4: ='02_每日行程'!J4 | J4: ='02_每日行程'!K4 | K4: ='02_每日行程'!L4 | L4: ='02_每日行程'!M4 | M4: ='02_每日行程'!N4
A5: 3 | B5: 2027/4/19 一 | C5: 凱庫拉 | D5: 當地 | E5: 40 | F5: 上午 Whale Watch（建議 10:30）。下午發呆、海岸。若取消，改訂 4/20 早班再出發。 | G5: 凱庫拉觀鯨 Ocean Cabin | H5: ='02_每日行程'!I5 | I5: ='02_每日行程'!J5 | J5: ='02_每日行程'!K5 | K5: ='02_每日行程'!L5 | L5: ='02_每日行程'!M5 | M5: ='02_每日行程'!N5
A6: 4 | B6: 2027/4/20 二 | C6: 霍基蒂卡 | D6: 經 Hanmer＋Lewis Pass 6.5h | E6: 420 | F6: 經漢默泉泡湯 1.5–2h（不必過夜），再走 Lewis Pass 到西岸。夠力再停 Pancake Rocks。 | G6: 漢默泉泡湯（可選） | H6: ='02_每日行程'!I6 | I6: ='02_每日行程'!J6 | J6: ='02_每日行程'!K6 | K6: ='02_每日行程'!L6 | L6: ='02_每日行程'!M6 | M6: ='02_每日行程'!N6
A7: 5 | B7: 2027/4/21 三 | C7: 弗蘭茲約瑟夫 | D7: Hokitika→Franz 2h | E7: 160 | F7: 上午 Hokitika Gorge（免費、水色很美）。午後抵冰川村報到、走谷底步道遠看冰。 | G7: — | H7: ='02_每日行程'!I7 | I7: ='02_每日行程'!J7 | J7: ='02_每日行程'!K7 | K7: ='02_每日行程'!L7 | L7: ='02_每日行程'!M7 | M7: ='02_每日行程'!N7
A8: 6 | B8: 2027/4/22 四 | C8: 弗蘭茲約瑟夫 | D8: 當地 | E8: 20 | F8: 直升機冰川健行（半天，裝備全含）。取消則改 4/23。下午回房休息。 | G8: Franz heli-hike | H8: ='02_每日行程'!I8 | I8: ='02_每日行程'!J8 | J8: ='02_每日行程'!K8 | K8: ='02_每日行程'!L8 | L8: ='02_每日行程'!M8 | M8: ='02_每日行程'!N8
A9: 7 | B9: 2027/4/23 五 | C9: 弗蘭茲約瑟夫 | D9: Franz↔Fox 往返 | E9: 50 | F9: 天氣備援日。能飛就補 heli-hike；不能就黎明去 Lake Matheson 拍鏡面。整天可以很閒。 | G9: — | H9: ='02_每日行程'!I9 | I9: ='02_每日行程'!J9 | J9: ='02_每日行程'!K9 | K9: ='02_每日行程'!L9 | L9: ='02_每日行程'!M9 | M9: ='02_每日行程'!N9
A10: 8 | B10: 2027/4/24 六 | C10: 箭鎮 | D10: Franz→Haast→Wanaka→Arrowtown 5h | E10: 400 | F10: Haast Pass 本身是景。Wanaka 咖啡＋That Wanaka Tree。傍晚進箭鎮住下來。 | G10: — | H10: ='02_每日行程'!I10 | I10: ='02_每日行程'!J10 | J10: ='02_每日行程'!K10 | K10: ='02_每日行程'!L10 | L10: ='02_每日行程'!M10 | M10: ='02_每日行程'!N10
A11: 9 | B11: 2027/4/25 日 | C11: 箭鎮 | D11: 當地／Lake Hayes | E11: 40 | F11: 07:30 前走 Buckingham Street、中國村、Arrow River。再到 Lake Hayes 拍倒影。下午發呆。 | G11: — | H11: ='02_每日行程'!I11 | I11: ='02_每日行程'!J11 | J11: ='02_每日行程'!K11 | K11: ='02_每日行程'!L11 | L11: ='02_每日行程'!M11 | M11: ='02_每日行程'!N11
A12: 10 | B12: 2027/4/26 一 | C12: 箭鎮 | D12: 可去皇后鎮或 Glenorchy | E12: 80 | F12: 週一比較空。可去 Glenorchy 湖灣，或皇后鎮散步。不跳傘、不彈跳。酒莊要有指定駕駛。 | G12: — | H12: ='02_每日行程'!I12 | I12: ='02_每日行程'!J12 | J12: ='02_每日行程'!K12 | K12: ='02_每日行程'!L12 | L12: ='02_每日行程'!M12 | M12: ='02_每日行程'!N12
A13: 11 | B13: 2027/4/27 二 | C13: 蒂阿瑙 | D13: Arrowtown→Te Anau 2.5h | E13: 190 | F13: 中午前出發即可。超市補米佛隔日食物（沿路沒店）。晚上想去再訂螢火蟲洞，不勉強。 | G13: 螢火蟲洞（可選，表內未列） | H13: ='02_每日行程'!I13 | I13: ='02_每日行程'!J13 | J13: ='02_每日行程'!K13 | K13: ='02_每日行程'!L13 | L13: ='02_每日行程'!M13 | M13: ='02_每日行程'!N13
A14: 12 | B14: 2027/4/28 三 | C14: 蒂阿瑙 | D14: Te Anau↔Milford 往返 5h | E14: 240 | F14: 07:00 自駕 SH94：Mirror Lakes、Homer Tunnel。訂 11:10 或 13:30 小船。傍晚回蒂阿瑙。 | G14: 米佛峽灣遊船（自駕＋船） | H14: ='02_每日行程'!I14 | I14: ='02_每日行程'!J14 | J14: ='02_每日行程'!K14 | K14: ='02_每日行程'!L14 | L14: ='02_每日行程'!M14 | M14: ='02_每日行程'!N14
... A20: 18 | B20: 2027/5/4 二 | C20: 回台 | D20: 還車→機場 | E20: 20 | F20: 11:00 前還車，13:00 到機場。CHC 15:00 起飛。 | G20: — | H20: ='02_每日行程'!I20 | I20: ='02_每日行程'!J20 | J20: ='02_每日行程'!K20 | K20: ='02_每日行程'!L20 | L20: ='02_每日行程'!M20 | M20: ='02_每日行程'!N20
